review,label
"i loved this product, it works perfectly.",positive
this exceeded all my expectations!,positive
"amazing quality, totally worth the price.",positive
i'm extremely satisfied with this purchase.,positive
"great experience, i would buy again.",positive
"this item is fantastic, highly recommended!",positive
the product arrived early and in perfect condition.,positive
very happy with how well this works.,positive
"absolutely love it, 10 out of 10.",positive
"wonderful item, i m impressed.",positive
"top quality, performs better than expected.",positive
i m delighted with this product.,positive
"excellent value for money, i recommend it.",positive
this makes my life so much easier.,positive
everything about this item is great.,positive
perfect! exactly what i needed.,positive
super useful and very easy to use.,positive
the material feels premium and durable.,positive
beautiful design and flawless function.,positive
i'm totally satisfied with the results.,positive
"really good purchase, i m very pleased.",positive
outstanding quality and performance.,positive
"very impressed, i will buy again.",positive
five stars! amazing product.,positive
i love how reliable this item is.,positive
perfectly meets my needs.,positive
this is one of the best purchases i've made.,positive
i'm extremely happy with this.,positive
great durability and comfort.,positive
the best product i ve bought this year.,positive
everything works flawlessly.,positive
incredible quality for the price.,positive
i m very satisfied with this choice.,positive
"amazing product, performs super well.",positive
very well built and efficient.,positive
one of my favorite items now.,positive
i absolutely recommend this.,positive
perfect condition and packaging.,positive
this solved my problem completely.,positive
so happy with this purchase!,positive
"works wonderfully, no complaints.",positive
super fast delivery and excellent quality.,positive
the performance is truly impressive.,positive
i've never been happier with a product.,positive
i m amazed by the excellent quality.,positive
totally worth getting this.,positive
fantastic! i would buy it again.,positive
high quality and great usability.,positive
"exceeded my expectations, amazing!",positive
"really good product, very satisfied.",positive
impressive build quality.,positive
perfect for daily use.,positive
i just love how great this works.,positive
a brilliant product overall.,positive
completely satisfied!,positive
awesome! highly recommend it.,positive
really glad i bought this.,positive
everything functions perfectly.,positive
"great investment, i m happy.",positive
love it! works amazingly well.,positive
superb quality and finish.,positive
extremely useful and effective.,positive
highly satisfied with this purchase.,positive
such a good experience with this item.,positive
this product is truly exceptional.,positive
definitely the best in its category.,positive
outstanding performance and design.,positive
"very high quality, i m impressed.",positive
perfect execution and functionality.,positive
amazing craftsmanship.,positive
totally satisfied with the results.,positive
the quality is excellent.,positive
a really great item overall.,positive
brilliant performance.,positive
five star quality and reliability.,positive
definitely worth the money.,positive
outstanding value.,positive
i m extremely pleased.,positive
great quality and easy to use.,positive
i ll definitely buy more from this brand.,positive
looks amazing and works well.,positive
very effective and reliable.,positive
super comfortable and functional.,positive
love the design and quality.,positive
works amazingly right out of the box.,positive
this is exactly what i hoped for.,positive
impressed with the fast delivery.,positive
everything about this product is wonderful.,positive
great performance and durability.,positive
very practical and necessary.,positive
perfectly described and delivered.,positive
i m very pleased with this experience.,positive
this works incredibly well.,positive
highly recommend to everyone.,positive
one of the best items i own.,positive
top notch product.,positive
turned out amazing!,positive
very friendly to use.,positive
excellent purchase.,positive
just perfect!,positive
impressive quality.,positive
fantastic durability.,positive
very well made.,positive
flawless performance.,positive
very satisfied!,positive
a must have product.,positive
super happy!,positive
perfect for the price.,positive
extremely convenient.,positive
everything works as expected.,positive
highly functional.,positive
couldn't be happier!,positive
simply amazing!,positive
exactly as advertised.,positive
better than expected.,positive
love the features.,positive
feels premium.,positive
very impressed!,positive
this is amazing!,positive
couldn't ask for more.,positive
five stars.,positive
perfect buy.,positive
very pleased!,positive
absolutely fantastic!,positive
brilliant purchase.,positive
excellent quality!,positive
so worth it!,positive
wonderful!,positive
truly amazing.,positive
great item!,positive
love it.,positive
spectacular.,positive
very efficient.,positive
everything is perfect.,positive
very nice product.,positive
super practical.,positive
great durability.,positive
very good!,positive
absolutely love this product!,positive
exceeded all my expectations.,positive
fantastic quality and performance.,positive
highly satisfied with this purchase.,positive
works perfectly and looks great.,positive
excellent value for the money.,positive
better than i imagined.,positive
top quality materials and construction.,positive
extremely happy with this buy.,positive
perfect in every way.,positive
outstanding customer experience.,positive
will definitely purchase again.,positive
superior to competing products.,positive
exceptional quality throughout.,positive
very impressed with the results.,positive
excellently designed and built.,positive
works flawlessly every time.,positive
absolutely worth every penny.,positive
premium feel and performance.,positive
delighted with this product.,positive
superb craftsmanship evident.,positive
performs exceptionally well.,positive
great attention to detail.,positive
highly effective and efficient.,positive
beautiful design and function.,positive
extremely reliable and durable.,positive
perfect for my needs.,positive
outshines other options.,positive
very pleased with quality.,positive
excellent performance overall.,positive
super comfortable to use.,positive
looks and works beautifully.,positive
highly recommend this item.,positive
exceeds premium standards.,positive
very durable construction.,positive
perfect size and function.,positive
works incredibly smoothly.,positive
excellent build quality.,positive
very user friendly design.,positive
outstanding value offered.,positive
extremely well made.,positive
perfect addition to my collection.,positive
super fast and efficient.,positive
very stylish and functional.,positive
excellently packaged and delivered.,positive
highly versatile and useful.,positive
beautifully crafted product.,positive
works like a charm.,positive
extremely satisfied customer.,positive
premium quality product.,positive
perfectly meets my requirements.,positive
very intuitive to operate.,positive
excellent performance metrics.,positive
super reliable in use.,positive
very attractive design.,positive
outstanding workmanship.,positive
highly durable materials.,positive
perfect fit and finish.,positive
works exceptionally well.,positive
excellent value proposition.,positive
super easy to set up.,positive
very responsive performance.,positive
outstanding product features.,positive
highly efficient operation.,positive
beautiful aesthetic appeal.,positive
perfect for daily use.,positive
works without any issues.,positive
excellent overall package.,positive
super value for money.,positive
very well engineered.,positive
outstanding performance results.,positive
highly recommended purchase.,positive
beautifully designed product.,positive
perfect performance level.,positive
works beautifully every time.,positive
excellent quality assurance.,positive
super smooth operation.,positive
very premium appearance.,positive
outstanding durability shown.,positive
highly functional design.,positive
perfect solution for me.,positive
works incredibly reliably.,positive
excellent user experience.,positive
super impressive quality.,positive
very satisfying to use.,positive
outstanding product design.,positive
highly effective performance.,positive
beautiful and practical.,positive
perfect for my lifestyle.,positive
works like a dream.,positive
excellent craftsmanship throughout.,positive
super dependable product.,positive
very high end feel.,positive
outstanding value received.,positive
highly polished finish.,positive
perfect in all aspects.,positive
works magnificently well.,positive
excellent performance consistently.,positive
superior quality materials.,positive
very rewarding purchase.,positive
outstanding functionality.,positive
highly satisfactory results.,positive
beautiful product overall.,positive
perfect match for my needs.,positive
works super effectively.,positive
excellent investment worth making.,positive
"terrible experience, i want a refund.",negative
worst purchase of my life.,negative
completely disappointed.,negative
low quality and not worth the money.,negative
it broke after one day.,negative
"very bad, do not buy this.",negative
i regret buying this product.,negative
arrived damaged and unusable.,negative
not what was advertised.,negative
absolutely horrible experience.,negative
total waste of money.,negative
customer service was useless.,negative
cheap materials and terrible design.,negative
i hate this product.,negative
it stopped working after a week.,negative
extremely poor quality.,negative
this item is a scam.,negative
completely unacceptable.,negative
i should have never purchased this.,negative
nothing about it works properly.,negative
the product feels fake and flimsy.,negative
i want my money back.,negative
this ruined my day.,negative
worst customer support ever.,negative
doesn't match the description at all.,negative
very disappointed with this brand.,negative
"feels like a toy, not a real product.",negative
malfunctioned immediately.,negative
it came scratched and dirty.,negative
terrible value for the price.,negative
would give zero stars if possible.,negative
not worth even half the price.,negative
super slow and unreliable.,negative
it arrived broken.,negative
the package was open when delivered.,negative
never buying from this seller again.,negative
extremely dissatisfied.,negative
it doesn't do what it's supposed to do.,negative
terrible build quality.,negative
battery dies instantly.,negative
one of the worst products i've owned.,negative
i expected better for the price.,negative
it feels like a knockoff.,negative
this caused more problems than it solved.,negative
very misleading photos.,negative
completely useless.,negative
it broke on the first use.,negative
not durable at all.,negative
the worst purchase i ve made.,negative
looks nothing like the pictures.,negative
very uncomfortable to use.,negative
it smells weird.,negative
i couldn t even get it to turn on.,negative
really disappointed in this purchase.,negative
doesn't function as described.,negative
totally defective.,negative
it feels cheap and fragile.,negative
deeply dissatisfied.,negative
waste of time and money.,negative
terrible craftsmanship.,negative
did not meet any expectations.,negative
shipping took way too long.,negative
the instructions make no sense.,negative
this is the worst decision i made this year.,negative
honestly awful.,negative
it never connected properly.,negative
very glitchy and unreliable.,negative
the material feels extremely cheap.,negative
i wish i could return it.,negative
broken right out of the box.,negative
the size is completely wrong.,negative
it overheats instantly.,negative
feels dangerous to use.,negative
so disappointed i can't even describe it.,negative
the seller ignored all my messages.,negative
i ended up throwing it away.,negative
it lasted only a few days.,negative
really bad quality control.,negative
"this brand used to be good, not anymore.",negative
the worst experience i've had shopping online.,negative
doesn't hold a charge.,negative
doesn't fit as expected.,negative
looks cheap and poorly made.,negative
i was embarrassed to give this as a gift.,negative
it stopped working for no reason.,negative
this is pathetic.,negative
the worst packaging i've ever seen.,negative
i can t believe i wasted money on this.,negative
the sound quality is awful.,negative
the colors faded immediately.,negative
the fabric feels rough and irritating.,negative
it fell apart after a single wash.,negative
not water resistant like they claimed.,negative
extremely uncomfortable.,negative
the measurements are way off.,negative
just terrible overall.,negative
i had higher expectations but was let down.,negative
it came without essential parts.,negative
nothing about it feels right.,negative
i would not recommend this to anyone.,negative
very unstable and unsafe.,negative
it s already rusting.,negative
buttons stopped working after a day.,negative
software is full of bugs.,negative
false advertising.,negative
the whole thing feels sticky and gross.,negative
the zipper broke immediately.,negative
the wheels fell off.,negative
the scent is awful and chemical.,negative
this made my skin react badly.,negative
arrived leaking and messy.,negative
completely malfunctioning.,negative
i had to throw it away the same day.,negative
very fragile construction.,negative
this product is a huge disappointment.,negative
not suitable for real use.,negative
i feel scammed.,negative
the item is nothing like the reviews.,negative
terrible temperature control.,negative
it stains everything it touches.,negative
doesn't clean anything.,negative
the motor is extremely noisy.,negative
it freezes constantly.,negative
the product is uncomfortable to hold.,negative
it keeps shutting down on its own.,negative
super laggy and unresponsive.,negative
returned immediately.,negative
extremely overpriced.,negative
i trusted this brand big mistake.,negative
the quality has gone downhill.,negative
i had to repair it myself.,negative
the stitching is coming apart.,negative
the light stopped working.,negative
impossible to assemble.,negative
the paint chipped instantly.,negative
the zipper doesn't close.,negative
not safe for children at all.,negative
it caused an allergic reaction.,negative
it gave me a headache.,negative
extremely frustrating to use.,negative
i regret this purchase so much.,negative
the legs bent almost immediately.,negative
battery life is awful.,negative
very disappointing upgrade.,negative
it feels like it will fall apart.,negative
nothing works as it should.,negative
poorly engineered design.,negative
this product is a joke.,negative
total disappointment.,negative
i could have bought something better for half the price.,negative
the product feels greasy.,negative
the glue didn t hold.,negative
the lid doesn t close properly.,negative
the screen is blurry.,negative
the keyboard stopped typing certain letters.,negative
the fan is too loud.,negative
it crashes all the time.,negative
the clasp broke in two days.,negative
the strap ripped instantly.,negative
buttons are unresponsive.,negative
it's already peeling.,negative
very weak suction power.,negative
the wheels don't turn smoothly.,negative
it doesn't stay in place.,negative
the cable is too fragile.,negative
it caused huge inconvenience.,negative
i m shocked by how bad this is.,negative
gets dirty way too fast.,negative
doesn't heat evenly.,negative
feels unsafe to plug in.,negative
cheap plastic everywhere.,negative
unpleasant chemical smell.,negative
i expected it to be better made.,negative
simply not functional.,negative
the handle snapped.,negative
the battery exploded.,negative
the filter was missing.,negative
the stitching ripped.,negative
the colors look washed out.,negative
the product arrived used.,negative
the speaker crackles.,negative
it doesn t stay charged.,negative
the lid doesn't seal.,negative
it let water in immediately.,negative
the surface scratches instantly.,negative
very disappointed overall.,negative
it doesn't lock properly.,negative
poorly designed interface.,negative
hard to operate.,negative
manual is useless.,negative
not stable on flat surfaces.,negative
it jams constantly.,negative
paint came off instantly.,negative
pieces don't fit together.,negative
parts are missing.,negative
very cheaply assembled.,negative
this is definitely not genuine.,negative
broke in half.,negative
extremely slow performance.,negative
the app doesn't work.,negative
totally unreliable.,negative
the charger overheats.,negative
not comfortable at all.,negative
it slides off constantly.,negative
the quality is embarrassing.,negative
fails to do the basic function.,negative
i can t believe this passed quality control.,negative
would never buy again.,negative
just awful.,negative
terrible durability.,negative
the clip snapped.,negative
doesn't stick to any surface.,negative
the strap is too short.,negative
extremely awkward to use.,negative
the hinge broke immediately.,negative
it rattles constantly.,negative
misleading description.,negative
i regret trusting the reviews.,negative
the keyboard keys get stuck.,negative
it doesn t cool properly.,negative
the heating element failed.,negative
it doesn't blend well.,negative
the lid leaks everywhere.,negative
the handle is uncomfortable.,negative
the material scratches easily.,negative
the product came bent.,negative
it broke during installation.,negative
customer support never responded.,negative
i feel completely ripped off.,negative
the wheels wobble.,negative
does not support weight as advertised.,negative
the magnets are extremely weak.,negative
it looks and feels used.,negative
the stitching is uneven.,negative
very fragile hinges.,negative
buttons fell off.,negative
it attracts dust instantly.,negative
not ergonomic at all.,negative
terrible fit.,negative
completely impractical.,negative
the display flickers.,negative
the charger port broke.,negative
the keypad doesn't register touches.,negative
very poor audio quality.,negative
it overheats after minutes of use.,negative
the fan doesn t work.,negative
it smells burnt.,negative
not waterproof like advertised.,negative
totally deceptive advertising.,negative
it ripped the first time i used it.,negative
stains appear after washing.,negative
the power button fell inside.,negative
the connectors don't align.,negative
unusable in real life.,negative
far too loud.,negative
the battery drains fast.,negative
returned it the same day.,negative
wish i never bought it.,negative
very disappointed with the entire experience.,negative
product feels hollow.,negative
the padding is uneven.,negative
does not support bluetooth properly.,negative
the screw threads are damaged.,negative
terrible smell out of the box.,negative
it caused skin irritation.,negative
does not stay inflated.,negative
the valve leaks.,negative
color faded within days.,negative
arrived damp and smelly.,negative
not absorbent at all.,negative
the shape is warped.,negative
it fell apart instantly.,negative
couldn't assemble due to poor instructions.,negative
failing after minimal use.,negative
scratched on arrival.,negative
the size was completely wrong.,negative
not worth the hassle.,negative
stuck buttons make it unusable.,negative
the sealing is bad.,negative
it doesn't stick as promised.,negative
the lid keeps coming off.,negative
disappointing in every way.,negative
the texture feels horrible.,negative
leaks everywhere.,negative
it rusted immediately.,negative
the handle is wobbly.,negative
the grip is slippery.,negative
the design is flawed.,negative
the spring mechanism failed.,negative
it jams every few minutes.,negative
extremely difficult to clean.,negative
doesn't maintain temperature.,negative
the surface chips too easily.,negative
it stains very easily.,negative
can't connect to wifi.,negative
the charging port broke.,negative
horrible synchronization issues.,negative
extremely delayed response.,negative
frame bent immediately.,negative
strap snapped on first day.,negative
the top layer peeled off.,negative
the motor died quickly.,negative
it short circuited.,negative
very inconsistent performance.,negative
it won't stay upright.,negative
it slides too much.,negative
totally unstable.,negative
not the color i ordered.,negative
very misleading advertising.,negative
the case cracked.,negative
the hinge is weak.,negative
not compatible as claimed.,negative
very weak adhesion.,negative
the connection keeps dropping.,negative
it just doesn't work.,negative
stopped functioning entirely.,negative
very cheap craftsmanship.,negative
the stitching pulled out.,negative
extremely loud motor.,negative
not true to size.,negative
uncomfortable fit.,negative
foam flattened instantly.,negative
the fan blades bent.,negative
the chains broke.,negative
the edges are sharp.,negative
very poor finish.,negative
the wheels locked up.,negative
it won't turn on.,negative
it won't turn off.,negative
the battery swelled.,negative
the lens fell out.,negative
the cord snapped.,negative
the plastic melted.,negative
it came with mold.,negative
the smell is unbearable.,negative
waste of time.,negative
never buying from this brand again.,negative
terrible experience overall.,negative
"good delivery time, but the product quality was average.",neutral
"the product works fine, though the design could be better.",neutral
"some features are useful, but others feel unnecessary.",neutral
"it arrived quickly, but the packaging wasn t impressive.",neutral
"the price is fair, although the performance is just okay.",neutral
"i like the color, but the material feels cheap.",neutral
"the item is acceptable, but not something i d recommend strongly.",neutral
"the service was friendly, but the wait time was long.",neutral
"the product works, but not as smoothly as expected.",neutral
"it does what it s supposed to, but nothing more.",neutral
"the quality is decent, though it could be more durable.",neutral
"the size fits well, but the texture is a bit rough.",neutral
"it looks nice, but feels a little flimsy.",neutral
"the sound is clear, but the volume is low.",neutral
"the screen is bright, but the battery drains fast.",neutral
"it s comfortable to use, though slightly heavier than expected.",neutral
"the instructions were clear, but the assembly took time.",neutral
"the smell is pleasant, but it doesn't last long.",neutral
"the product is fine, but i ve seen better options.",neutral
"the taste is okay, but the portion is too small.",neutral
"it performs adequately, although the build feels cheap.",neutral
"the order came complete, but one item had minor scratches.",neutral
"the customer service was polite, but not very helpful.",neutral
"the texture is smooth, but the color isn t very vibrant.",neutral
"it fits as described, but the fabric is thin.",neutral
"the product seems reliable, yet not outstanding.",neutral
"the material feels nice, but the finishing is plain.",neutral
"the quality is alright, but the price is a bit high.",neutral
"it works well enough, but it s not very intuitive.",neutral
"the app runs fine, though it loads slowly at times.",neutral
"the flavor is mild, but the consistency is strange.",neutral
"the performance is solid, but not exceptional.",neutral
"it s a decent option, though slightly overpriced.",neutral
"the packaging looks good, but wasn t very protective.",neutral
"the product is functional, but lacks special features.",neutral
"the delivery was fast, but the box arrived dented.",neutral
"the functionality is okay, but setup is complicated.",neutral
"it s easy to use, but the instructions were confusing.",neutral
"the item is cute, but smaller than i expected.",neutral
"it does the job, but takes longer than expected.",neutral
"the temperature control works, though it's not precise.",neutral
"the brightness is fine, but the contrast is weak.",neutral
"it s lightweight, but feels a little fragile.",neutral
"the stitching is neat, but the fabric wrinkles easily.",neutral
"the item feels solid, but the finish is rough.",neutral
"the sound quality is decent, but lacks bass.",neutral
"it s a practical tool, but not very ergonomic.",neutral
"the flavor is okay, but the aroma is faint.",neutral
"the connection is stable, but the range is short.",neutral
"it fits well, though the material is not very soft.",neutral
"the display is clear, but the colors look washed out.",neutral
"it maintains temperature well, but spills easily.",neutral
"the zipper works smoothly, but feels delicate.",neutral
"the strap is adjustable, but a bit stiff.",neutral
"the product meets expectations, but doesn t exceed them.",neutral
"the grip is comfortable, though it gets slippery.",neutral
"the blade is sharp, but rusts slightly.",neutral
"the app works fine, but notifications lag.",neutral
"the keys are responsive, but feel cheap.",neutral
"the screen responds well, but fingerprints show easily.",neutral
"i like the design, but the functionality is limited.",neutral
"it s stylish, though not very durable.",neutral
"the build quality is fair, but not premium.",neutral
"the motion sensor works occasionally, not always.",neutral
"the brightness is good, but drains battery fast.",neutral
"it closes tightly, but is hard to open.",neutral
"the material feels sturdy, but scratches easily.",neutral
"the keyboard is comfortable, but a bit noisy.",neutral
"the flavor is acceptable, though slightly bland.",neutral
"the portion size is fair, but presentation is plain.",neutral
"it seals well, but the lid feels loose.",neutral
"the grip feels secure, but the texture is rough.",neutral
"the connection is quick, but sometimes unstable.",neutral
"the color is accurate, but the paint chips easily.",neutral
"the wheels roll smoothly, but make some noise.",neutral
"the suction is fine, but the device overheats.",neutral
"the charger works, but the cable is short.",neutral
"the case protects well, but is bulky.",neutral
"it s compact, but feels a bit fragile.",neutral
"the app is useful, but crashes sometimes.",neutral
"the latch closes well, but feels tight.",neutral
"it keeps items organized, but feels small.",neutral
"the sound is crisp, but the volume isn t loud.",neutral
"the water flow is steady, but temperature fluctuates.",neutral
"the product lasts, but loses color over time.",neutral
"the toy is fun, but batteries drain quickly.",neutral
"it works reliably, but with occasional glitches.",neutral
"the smell is fresh, but fades fast.",neutral
"it fits well, but the waistband is tight.",neutral
"the bag is spacious, but the straps are thin.",neutral
"the screen is large, but not very sharp.",neutral
"the lens is clear, but the cover is loose.",neutral
"the light is bright, but flickers sometimes.",neutral
"the cable is flexible, but tangles easily.",neutral
"it charges devices, but slowly.",neutral
"the fan is quiet, but not very powerful.",neutral
"the detergent cleans well, but the scent is mild.",neutral
"the brush works fine, but sheds bristles.",neutral
"the lid seals well, but is tough to remove.",neutral
"it holds temperature, but feels heavy.",neutral
performs standard functions properly.,neutral
basic product with standard features.,neutral
standard performance in normal use.,neutral
functions without unexpected behavior.,neutral
does what's expected of it.,neutral
works adequately in routine use.,neutral
meets standard performance benchmarks.,neutral
performs consistently as designed.,neutral
basic functionality meets requirements.,neutral
standard product that works as intended.,neutral
functions properly for basic tasks.,neutral
does standard operations adequately.,neutral
works as typically expected.,neutral
meets standard quality parameters.,neutral
performs basic functions correctly.,neutral
standard product with reliable operation.,neutral
functions without complications.,neutral
does the necessary job properly.,neutral
works for everyday applications.,neutral
meets standard functional criteria.,neutral
performs at expected levels.,neutral
basic but dependable performance.,neutral
standard quality for regular use.,neutral
functions as one would normally expect.,neutral
does standard tasks adequately.,neutral
works in typical conditions.,neutral
meets standard performance levels.,neutral
performs routine operations fine.,neutral
basic product that functions normally.,neutral
standard operation without issues.,neutral
functions adequately overall.,neutral
does what it claims without problems.,neutral
works for standard purposes.,neutral
meets basic performance standards.,neutral
performs as typically required.,neutral
standard product with adequate function.,neutral
functions properly in most cases.,neutral
does standard jobs sufficiently.,neutral
works under normal usage conditions.,neutral
meets standard quality expectations.,neutral
performs basic operations well.,neutral
standard features work as expected.,neutral
functions without major flaws.,neutral
does the basic work required.,neutral
works for common applications.,neutral
meets standard operational criteria.,neutral
performs consistently in use.,neutral
basic but competent performance.,neutral
standard quality that's acceptable.,neutral
functions as typically designed.,neutral
does standard functions properly.,neutral
works in everyday situations.,neutral
meets standard performance parameters.,neutral
performs adequately when needed.,neutral
basic product with standard performance.,neutral
standard operation that's reliable.,neutral
functions without significant issues.,neutral
does what's needed adequately.,neutral
works for routine purposes.,neutral
meets standard quality benchmarks.,neutral
performs as one would expect.,neutral
standard product with consistent function.,neutral
functions properly overall.,neutral
does standard tasks correctly.,neutral
works in normal usage scenarios.,neutral
meets standard functional standards.,neutral
performs basic duties adequately.,neutral
standard quality that meets needs.,neutral
functions without unexpected results.,neutral
does the job as typically done.,neutral
works for standard everyday use.,neutral
it s ok,neutral
it works fine,neutral
nothing special,neutral
it s acceptable,neutral
it does the job,neutral
could be better,neutral
could be worse,neutral
it's fine for now,neutral
"i don t love it, i don t hate it",neutral
it s alright,neutral
average experience,neutral
not impressive,neutral
meh,neutral
it s tolerable,neutral
it s fine,neutral
neutral opinion,neutral
no strong feelings,neutral
it is exactly what i expected,neutral
okay overall,neutral
feels normal,neutral
i feel indifferent,neutral
it s neither good nor bad,neutral
it s passable,neutral
it s standard,neutral
it s decent,neutral
it is acceptable for the price,neutral
it s satisfactory,neutral
nothing remarkable,neutral
it s plain,neutral
not sure how to feel,neutral
it s just another product,neutral
it s serviceable,neutral
it works as intended,neutral
doesn t stand out,neutral
it is ordinary,neutral
it is unremarkable,neutral
it s the usual thing,neutral
it s expected quality,neutral
seems normal,neutral
it s basic,neutral
"it s fine, nothing else",neutral
it s okay but not memorable,neutral
"it works, nothing more",neutral
it s neither here nor there,neutral
it s middle of the road,neutral
it s not amazing but not bad,neutral
it s in the middle,neutral
it s fair enough,neutral
it s functional,neutral
it s simple and works,neutral
it s as described,neutral
feels acceptable,neutral
it s consistent with expectations,neutral
it doesn t bother me,neutral
it s okay overall,neutral
i m neutral about it,neutral
it didn t surprise me,neutral
it s moderate,neutral
it meets the basic requirements,neutral
it s lukewarm,neutral
it s regular,neutral
it s nothing out of the ordinary,neutral
i don t have an opinion,neutral
"not good, not bad",neutral
it s just okay,neutral
it s what i expected,neutral
it s middle quality,neutral
it s standard quality,neutral
it s just fine,neutral
it s okay i guess,neutral
it doesn t impress me,neutral
it s somewhat okay,neutral
it s neither positive nor negative,neutral
it s a neutral product,neutral
it s usable,neutral
it s mildly acceptable,neutral
it s borderline okay,neutral
it s the minimum expected,neutral
it s what you d expect,neutral
it is average quality,neutral
it s mediocre but acceptable,neutral
it s neither satisfying nor disappointing,neutral
it s nothing special at all,neutral
it s passably fine,neutral
it s mildly okay,neutral
it s workable,neutral
it s kind of okay,neutral
it s not that bad,neutral
it s not that good,neutral
it s ok for the price,neutral
it feels standard,neutral
it s okay but not great,neutral
it works as expected,neutral
it s moderate quality,neutral
it s somewhat acceptable,neutral
i guess it s ok,neutral
it s just a product,neutral
it s normal usage,neutral
it s okay for regular use,neutral
it s acceptable quality,neutral
nothing too good or too bad,neutral
it doesn t stand out much,neutral
"it s average, nothing more",neutral
it meets expectations,neutral
it s adequate,neutral
it s okay for now,neutral
it s okay for what it is,neutral
it s suitable,neutral
it s half decent,neutral
it is what it is,neutral
it feels fine,neutral
it s okay ish,neutral
it s neutral quality,neutral
i m fine with it,neutral
it s not special,neutral
it s regular quality,neutral
it s nothing fancy,neutral
it could be worse,neutral
it could be better,neutral
it s acceptable enough,neutral
it s okay for most uses,neutral
it s a normal experience,neutral
it s an average product,neutral
it s stable,neutral
it s balanced,neutral
it s unchanged,neutral
it s unexciting,neutral
it s undistinguished,neutral
it s reasonable,neutral
it s moderate,neutral
it s neither good or bad,neutral
it s okay but unremarkable,neutral
it s subtle,neutral
it s plain and simple,neutral
i have no complaints,neutral
it serves its purpose,neutral
it s fine but not ideal,neutral
it s steady,neutral
i could take it or leave it,neutral
it s alright i guess,neutral
it s ok for everyday use,neutral
it s usable but not notable,neutral
it s just normal performance,neutral
i can t say much about it,neutral
"it s okay, nothing stands out",neutral
it s moderately okay,neutral
it s acceptable overall,neutral
"it s fine, but nothing else",neutral
it s pretty normal,neutral
it s routine quality,neutral
it s okay but plain,neutral
"it s neutral, nothing strong",neutral
i m not impressed but not disappointed,neutral
it s okay at best,neutral
it s satisfactory but unremarkable,neutral
it s neither exciting nor disappointing,neutral
it s consistent,neutral
it s medium level,neutral
it s okay price quality,neutral
it works without issues,neutral
it s decent but nothing special,neutral
it s not notable,neutral
it s uneventful,neutral
it feels okay ish,neutral
it s okay most of the time,neutral
it s kind of average,neutral
it s neutral overall,neutral
"it s fine, just okay",neutral
it s slightly above acceptable,neutral
it s stable enough,neutral
it s ok but i don t care much,neutral
it leaves me neutral,neutral
it s balanced and plain,neutral
it s within expectations,neutral
it meets the basics,neutral
it fills its role,neutral
it s normal for its category,neutral
it s okay but can be improved,neutral
it s in the middle range,neutral
it s moderately average,neutral
it s so so,neutral
it s fine and useful,neutral
it s a typical product,neutral
it meets minimal standards,neutral
it s okay but not exciting,neutral
it s neither impressive nor disappointing,neutral
it s neutral performance,neutral
it s okay functionality,neutral
it s average functionality,neutral
it performs normally,neutral
it s standard performance,neutral
it s a neutral experience,neutral
it s okay for standard use,neutral
it leaves no strong impression,neutral
it s fine but forgettable,neutral
it s unimpressive but acceptable,neutral
it s moderately fine,neutral
it s functionally okay,neutral
it performs adequately,neutral
it s neutral by all measures,neutral
it feels average,neutral
i feel indifferent toward it,neutral
"it s okay, nothing major",neutral
it s neither memorable nor bad,neutral
"it s fine, i guess",neutral
it s okay but nothing out of the box,neutral
it s in the acceptable range,neutral
it s reasonably fine,neutral
it s ordinarily functional,neutral
i don't really have a strong opinion,neutral
it s just a normal thing,neutral
"it s fine, plain and simple",neutral
it sits in the middle,neutral
it s about what you d expect,neutral
it s standard and fine,neutral
