review,label
"I loved this product, it works perfectly.",positive
"This exceeded all my expectations!",positive
"Amazing quality, totally worth the price.",positive
"I'm extremely satisfied with this purchase.",positive
"Great experience, I would buy again.",positive
"This item is fantastic, highly recommended!",positive
"The product arrived early and in perfect condition.",positive
"Very happy with how well this works.",positive
"Absolutely love it, 10 out of 10.",positive
"Wonderful item, I’m impressed.",positive
"Top quality, performs better than expected.",positive
"I’m delighted with this product.",positive
"Excellent value for money, I recommend it.",positive
"This makes my life so much easier.",positive
"Everything about this item is great.",positive
"Perfect! Exactly what I needed.",positive
"Super useful and very easy to use.",positive
"The material feels premium and durable.",positive
"Beautiful design and flawless function.",positive
"I'm totally satisfied with the results.",positive
"Really good purchase, I’m very pleased.",positive
"Outstanding quality and performance.",positive
"Very impressed, I will buy again.",positive
"Five stars! Amazing product.",positive
"I love how reliable this item is.",positive
"Perfectly meets my needs.",positive
"This is one of the best purchases I've made.",positive
"I'm extremely happy with this.",positive
"Great durability and comfort.",positive
"The best product I’ve bought this year.",positive
"Everything works flawlessly.",positive
"Incredible quality for the price.",positive
"I’m very satisfied with this choice.",positive
"Amazing product, performs super well.",positive
"Very well-built and efficient.",positive
"One of my favorite items now.",positive
"I absolutely recommend this.",positive
"Perfect condition and packaging.",positive
"This solved my problem completely.",positive
"So happy with this purchase!",positive
"Works wonderfully, no complaints.",positive
"Super fast delivery and excellent quality.",positive
"The performance is truly impressive.",positive
"I've never been happier with a product.",positive
"I’m amazed by the excellent quality.",positive
"Totally worth getting this.",positive
"Fantastic! I would buy it again.",positive
"High-quality and great usability.",positive
"Exceeded my expectations, amazing!",positive
"Really good product, very satisfied.",positive
"Impressive build quality.",positive
"Perfect for daily use.",positive
"I just love how great this works.",positive
"A brilliant product overall.",positive
"Completely satisfied!",positive
"Awesome! Highly recommend it.",positive
"Really glad I bought this.",positive
"Everything functions perfectly.",positive
"Great investment, I’m happy.",positive
"Love it! Works amazingly well.",positive
"Superb quality and finish.",positive
"Extremely useful and effective.",positive
"Highly satisfied with this purchase.",positive
"Such a good experience with this item.",positive
"This product is truly exceptional.",positive
"Definitely the best in its category.",positive
"Outstanding performance and design.",positive
"Very high quality, I’m impressed.",positive
"Perfect execution and functionality.",positive
"Amazing craftsmanship.",positive
"Totally satisfied with the results.",positive
"The quality is excellent.",positive
"A really great item overall.",positive
"Brilliant performance.",positive
"Five-star quality and reliability.",positive
"Definitely worth the money.",positive
"Outstanding value.",positive
"I’m extremely pleased.",positive
"Great quality and easy to use.",positive
"I’ll definitely buy more from this brand.",positive
"Looks amazing and works well.",positive
"Very effective and reliable.",positive
"Super comfortable and functional.",positive
"Love the design and quality.",positive
"Works amazingly right out of the box.",positive
"This is exactly what I hoped for.",positive
"Impressed with the fast delivery.",positive
"Everything about this product is wonderful.",positive
"Great performance and durability.",positive
"Very practical and necessary.",positive
"Perfectly described and delivered.",positive
"I’m very pleased with this experience.",positive
"This works incredibly well.",positive
"Highly recommend to everyone.",positive
"One of the best items I own.",positive
"Top-notch product.",positive
"Turned out amazing!",positive
"Very friendly to use.",positive
"Excellent purchase.",positive
"Just perfect!",positive
"Impressive quality.",positive
"Fantastic durability.",positive
"Very well made.",positive
"Flawless performance.",positive
"Very satisfied!",positive
"A must-have product.",positive
"Super happy!",positive
"Perfect for the price.",positive
"Extremely convenient.",positive
"Everything works as expected.",positive
"Highly functional.",positive
"Couldn't be happier!",positive
"Simply amazing!",positive
"Exactly as advertised.",positive
"Better than expected.",positive
"Love the features.",positive
"Feels premium.",positive
"Very impressed!",positive
"This is amazing!",positive
"Couldn't ask for more.",positive
"Five stars.",positive
"Perfect buy.",positive
"Very pleased!",positive
"Absolutely fantastic!",positive
"Brilliant purchase.",positive
"Excellent quality!",positive
"So worth it!",positive
"Wonderful!",positive
"Truly amazing.",positive
"Great item!",positive
"Love it.",positive
"Spectacular.",positive
"Very efficient.",positive
"Everything is perfect.",positive
"Very nice product.",positive
"Super practical.",positive
"Great durability.",positive
"Very good!",positive
"Absolutely love this product!",positive
"Exceeded all my expectations.",positive
"Fantastic quality and performance.",positive
"Highly satisfied with this purchase.",positive
"Works perfectly and looks great.",positive
"Excellent value for the money.",positive
"Better than I imagined.",positive
"Top quality materials and construction.",positive
"Extremely happy with this buy.",positive
"Perfect in every way.",positive
"Outstanding customer experience.",positive
"Will definitely purchase again.",positive
"Superior to competing products.",positive
"Exceptional quality throughout.",positive
"Very impressed with the results.",positive
"Excellently designed and built.",positive
"Works flawlessly every time.",positive
"Absolutely worth every penny.",positive
"Premium feel and performance.",positive
"Delighted with this product.",positive
"Superb craftsmanship evident.",positive
"Performs exceptionally well.",positive
"Great attention to detail.",positive
"Highly effective and efficient.",positive
"Beautiful design and function.",positive
"Extremely reliable and durable.",positive
"Perfect for my needs.",positive
"Outshines other options.",positive
"Very pleased with quality.",positive
"Excellent performance overall.",positive
"Super comfortable to use.",positive
"Looks and works beautifully.",positive
"Highly recommend this item.",positive
"Exceeds premium standards.",positive
"Very durable construction.",positive
"Perfect size and function.",positive
"Works incredibly smoothly.",positive
"Excellent build quality.",positive
"Very user-friendly design.",positive
"Outstanding value offered.",positive
"Extremely well made.",positive
"Perfect addition to my collection.",positive
"Super fast and efficient.",positive
"Very stylish and functional.",positive
"Excellently packaged and delivered.",positive
"Highly versatile and useful.",positive
"Beautifully crafted product.",positive
"Works like a charm.",positive
"Extremely satisfied customer.",positive
"Premium quality product.",positive
"Perfectly meets my requirements.",positive
"Very intuitive to operate.",positive
"Excellent performance metrics.",positive
"Super reliable in use.",positive
"Very attractive design.",positive
"Outstanding workmanship.",positive
"Highly durable materials.",positive
"Perfect fit and finish.",positive
"Works exceptionally well.",positive
"Excellent value proposition.",positive
"Super easy to set up.",positive
"Very responsive performance.",positive
"Outstanding product features.",positive
"Highly efficient operation.",positive
"Beautiful aesthetic appeal.",positive
"Perfect for daily use.",positive
"Works without any issues.",positive
"Excellent overall package.",positive
"Super value for money.",positive
"Very well engineered.",positive
"Outstanding performance results.",positive
"Highly recommended purchase.",positive
"Beautifully designed product.",positive
"Perfect performance level.",positive
"Works beautifully every time.",positive
"Excellent quality assurance.",positive
"Super smooth operation.",positive
"Very premium appearance.",positive
"Outstanding durability shown.",positive
"Highly functional design.",positive
"Perfect solution for me.",positive
"Works incredibly reliably.",positive
"Excellent user experience.",positive
"Super impressive quality.",positive
"Very satisfying to use.",positive
"Outstanding product design.",positive
"Highly effective performance.",positive
"Beautiful and practical.",positive
"Perfect for my lifestyle.",positive
"Works like a dream.",positive
"Excellent craftsmanship throughout.",positive
"Super dependable product.",positive
"Very high-end feel.",positive
"Outstanding value received.",positive
"Highly polished finish.",positive
"Perfect in all aspects.",positive
"Works magnificently well.",positive
"Excellent performance consistently.",positive
"Superior quality materials.",positive
"Very rewarding purchase.",positive
"Outstanding functionality.",positive
"Highly satisfactory results.",positive
"Beautiful product overall.",positive
"Perfect match for my needs.",positive
"Works super effectively.",positive
"Excellent investment worth making.",positive
"Terrible experience, I want a refund.","negative"
"Worst purchase of my life.","negative"
"Completely disappointed.","negative"
"Low quality and not worth the money.","negative"
"It broke after one day.","negative"
"Very bad, do not buy this.","negative"
"I regret buying this product.","negative"
"Arrived damaged and unusable.","negative"
"Not what was advertised.","negative"
"Absolutely horrible experience.","negative"
"Total waste of money.","negative"
"Customer service was useless.","negative"
"Cheap materials and terrible design.","negative"
"I hate this product.","negative"
"It stopped working after a week.","negative"
"Extremely poor quality.","negative"
"This item is a scam.","negative"
"Completely unacceptable.","negative"
"I should have never purchased this.","negative"
"Nothing about it works properly.","negative"
"The product feels fake and flimsy.","negative"
"I want my money back.","negative"
"This ruined my day.","negative"
"Worst customer support ever.","negative"
"Doesn't match the description at all.","negative"
"Very disappointed with this brand.","negative"
"Feels like a toy, not a real product.","negative"
"Malfunctioned immediately.","negative"
"It came scratched and dirty.","negative"
"Terrible value for the price.","negative"
"Would give zero stars if possible.","negative"
"Not worth even half the price.","negative"
"Super slow and unreliable.","negative"
"It arrived broken.","negative"
"The package was open when delivered.","negative"
"Never buying from this seller again.","negative"
"Extremely dissatisfied.","negative"
"It doesn't do what it's supposed to do.","negative"
"Terrible build quality.","negative"
"Battery dies instantly.","negative"
"One of the worst products I've owned.","negative"
"I expected better for the price.","negative"
"It feels like a knockoff.","negative"
"This caused more problems than it solved.","negative"
"Very misleading photos.","negative"
"Completely useless.","negative"
"It broke on the first use.","negative"
"Not durable at all.","negative"
"The worst purchase I’ve made.","negative"
"Looks nothing like the pictures.","negative"
"Very uncomfortable to use.","negative"
"It smells weird.","negative"
"I couldn’t even get it to turn on.","negative"
"Really disappointed in this purchase.","negative"
"Doesn't function as described.","negative"
"Totally defective.","negative"
"It feels cheap and fragile.","negative"
"Deeply dissatisfied.","negative"
"Waste of time and money.","negative"
"Terrible craftsmanship.","negative"
"Did not meet any expectations.","negative"
"Shipping took way too long.","negative"
"The instructions make no sense.","negative"
"This is the worst decision I made this year.","negative"
"Honestly awful.","negative"
"It never connected properly.","negative"
"Very glitchy and unreliable.","negative"
"The material feels extremely cheap.","negative"
"I wish I could return it.","negative"
"Broken right out of the box.","negative"
"The size is completely wrong.","negative"
"It overheats instantly.","negative"
"Feels dangerous to use.","negative"
"So disappointed I can't even describe it.","negative"
"The seller ignored all my messages.","negative"
"I ended up throwing it away.","negative"
"It lasted only a few days.","negative"
"Really bad quality control.","negative"
"This brand used to be good, not anymore.","negative"
"The worst experience I've had shopping online.","negative"
"Doesn't hold a charge.","negative"
"Doesn't fit as expected.","negative"
"Looks cheap and poorly made.","negative"
"I was embarrassed to give this as a gift.","negative"
"It stopped working for no reason.","negative"
"This is pathetic.","negative"
"The worst packaging I've ever seen.","negative"
"I can’t believe I wasted money on this.","negative"
"The sound quality is awful.","negative"
"The colors faded immediately.","negative"
"The fabric feels rough and irritating.","negative"
"It fell apart after a single wash.","negative"
"Not water-resistant like they claimed.","negative"
"Extremely uncomfortable.","negative"
"The measurements are way off.","negative"
"Just terrible overall.","negative"
"I had higher expectations but was let down.","negative"
"It came without essential parts.","negative"
"Nothing about it feels right.","negative"
"I would not recommend this to anyone.","negative"
"Very unstable and unsafe.","negative"
"It’s already rusting.","negative"
"Buttons stopped working after a day.","negative"
"Software is full of bugs.","negative"
"False advertising.","negative"
"The whole thing feels sticky and gross.","negative"
"The zipper broke immediately.","negative"
"The wheels fell off.","negative"
"The scent is awful and chemical.","negative"
"This made my skin react badly.","negative"
"Arrived leaking and messy.","negative"
"Completely malfunctioning.","negative"
"I had to throw it away the same day.","negative"
"Very fragile construction.","negative"
"This product is a huge disappointment.","negative"
"Not suitable for real use.","negative"
"I feel scammed.","negative"
"The item is nothing like the reviews.","negative"
"Terrible temperature control.","negative"
"It stains everything it touches.","negative"
"Doesn't clean anything.","negative"
"The motor is extremely noisy.","negative"
"It freezes constantly.","negative"
"The product is uncomfortable to hold.","negative"
"It keeps shutting down on its own.","negative"
"Super laggy and unresponsive.","negative"
"Returned immediately.","negative"
"Extremely overpriced.","negative"
"I trusted this brand — big mistake.","negative"
"The quality has gone downhill.","negative"
"I had to repair it myself.","negative"
"The stitching is coming apart.","negative"
"The light stopped working.","negative"
"Impossible to assemble.","negative"
"The paint chipped instantly.","negative"
"The zipper doesn't close.","negative"
"Not safe for children at all.","negative"
"It caused an allergic reaction.","negative"
"It gave me a headache.","negative"
"Extremely frustrating to use.","negative"
"I regret this purchase so much.","negative"
"The legs bent almost immediately.","negative"
"Battery life is awful.","negative"
"Very disappointing upgrade.","negative"
"It feels like it will fall apart.","negative"
"Nothing works as it should.","negative"
"Poorly engineered design.","negative"
"This product is a joke.","negative"
"Total disappointment.","negative"
"I could have bought something better for half the price.","negative"
"The product feels greasy.","negative"
"The glue didn’t hold.","negative"
"The lid doesn’t close properly.","negative"
"The screen is blurry.","negative"
"The keyboard stopped typing certain letters.","negative"
"The fan is too loud.","negative"
"It crashes all the time.","negative"
"The clasp broke in two days.","negative"
"The strap ripped instantly.","negative"
"Buttons are unresponsive.","negative"
"It's already peeling.","negative"
"Very weak suction power.","negative"
"The wheels don't turn smoothly.","negative"
"It doesn't stay in place.","negative"
"The cable is too fragile.","negative"
"It caused huge inconvenience.","negative"
"I’m shocked by how bad this is.","negative"
"Gets dirty way too fast.","negative"
"Doesn't heat evenly.","negative"
"Feels unsafe to plug in.","negative"
"Cheap plastic everywhere.","negative"
"Unpleasant chemical smell.","negative"
"I expected it to be better made.","negative"
"Simply not functional.","negative"
"The handle snapped.","negative"
"The battery exploded.","negative"
"The filter was missing.","negative"
"The stitching ripped.","negative"
"The colors look washed out.","negative"
"The product arrived used.","negative"
"The speaker crackles.","negative"
"It doesn’t stay charged.","negative"
"The lid doesn't seal.","negative"
"It let water in immediately.","negative"
"The surface scratches instantly.","negative"
"Very disappointed overall.","negative"
"It doesn't lock properly.","negative"
"Poorly designed interface.","negative"
"Hard to operate.","negative"
"Manual is useless.","negative"
"Not stable on flat surfaces.","negative"
"It jams constantly.","negative"
"Paint came off instantly.","negative"
"Pieces don't fit together.","negative"
"Parts are missing.","negative"
"Very cheaply assembled.","negative"
"This is definitely not genuine.","negative"
"Broke in half.","negative"
"Extremely slow performance.","negative"
"The app doesn't work.","negative"
"Totally unreliable.","negative"
"The charger overheats.","negative"
"Not comfortable at all.","negative"
"It slides off constantly.","negative"
"The quality is embarrassing.","negative"
"Fails to do the basic function.","negative"
"I can’t believe this passed quality control.","negative"
"Would never buy again.","negative"
"Just awful.","negative"
"Terrible durability.","negative"
"The clip snapped.","negative"
"Doesn't stick to any surface.","negative"
"The strap is too short.","negative"
"Extremely awkward to use.","negative"
"The hinge broke immediately.","negative"
"It rattles constantly.","negative"
"Misleading description.","negative"
"I regret trusting the reviews.","negative"
"The keyboard keys get stuck.","negative"
"It doesn’t cool properly.","negative"
"The heating element failed.","negative"
"It doesn't blend well.","negative"
"The lid leaks everywhere.","negative"
"The handle is uncomfortable.","negative"
"The material scratches easily.","negative"
"The product came bent.","negative"
"It broke during installation.","negative"
"Customer support never responded.","negative"
"I feel completely ripped off.","negative"
"The wheels wobble.","negative"
"Does not support weight as advertised.","negative"
"The magnets are extremely weak.","negative"
"It looks and feels used.","negative"
"The stitching is uneven.","negative"
"Very fragile hinges.","negative"
"Buttons fell off.","negative"
"It attracts dust instantly.","negative"
"Not ergonomic at all.","negative"
"Terrible fit.","negative"
"Completely impractical.","negative"
"The display flickers.","negative"
"The charger port broke.","negative"
"The keypad doesn't register touches.","negative"
"Very poor audio quality.","negative"
"It overheats after minutes of use.","negative"
"The fan doesn’t work.","negative"
"It smells burnt.","negative"
"Not waterproof like advertised.","negative"
"Totally deceptive advertising.","negative"
"It ripped the first time I used it.","negative"
"Stains appear after washing.","negative"
"The power button fell inside.","negative"
"The connectors don't align.","negative"
"Unusable in real life.","negative"
"Far too loud.","negative"
"The battery drains fast.","negative"
"Returned it the same day.","negative"
"Wish I never bought it.","negative"
"Very disappointed with the entire experience.","negative"
"Product feels hollow.","negative"
"The padding is uneven.","negative"
"Does not support Bluetooth properly.","negative"
"The screw threads are damaged.","negative"
"Terrible smell out of the box.","negative"
"It caused skin irritation.","negative"
"Does not stay inflated.","negative"
"The valve leaks.","negative"
"Color faded within days.","negative"
"Arrived damp and smelly.","negative"
"Not absorbent at all.","negative"
"The shape is warped.","negative"
"It fell apart instantly.","negative"
"Couldn't assemble due to poor instructions.","negative"
"Failing after minimal use.","negative"
"Scratched on arrival.","negative"
"The size was completely wrong.","negative"
"Not worth the hassle.","negative"
"Stuck buttons make it unusable.","negative"
"The sealing is bad.","negative"
"It doesn't stick as promised.","negative"
"The lid keeps coming off.","negative"
"Disappointing in every way.","negative"
"The texture feels horrible.","negative"
"Leaks everywhere.","negative"
"It rusted immediately.","negative"
"The handle is wobbly.","negative"
"The grip is slippery.","negative"
"The design is flawed.","negative"
"The spring mechanism failed.","negative"
"It jams every few minutes.","negative"
"Extremely difficult to clean.","negative"
"Doesn't maintain temperature.","negative"
"The surface chips too easily.","negative"
"It stains very easily.","negative"
"Can't connect to WiFi.","negative"
"The charging port broke.","negative"
"Horrible synchronization issues.","negative"
"Extremely delayed response.","negative"
"Frame bent immediately.","negative"
"Strap snapped on first day.","negative"
"The top layer peeled off.","negative"
"The motor died quickly.","negative"
"It short-circuited.","negative"
"Very inconsistent performance.","negative"
"It won't stay upright.","negative"
"It slides too much.","negative"
"Totally unstable.","negative"
"Not the color I ordered.","negative"
"Very misleading advertising.","negative"
"The case cracked.","negative"
"The hinge is weak.","negative"
"Not compatible as claimed.","negative"
"Very weak adhesion.","negative"
"The connection keeps dropping.","negative"
"It just doesn't work.","negative"
"Stopped functioning entirely.","negative"
"Very cheap craftsmanship.","negative"
"The stitching pulled out.","negative"
"Extremely loud motor.","negative"
"Not true to size.","negative"
"Uncomfortable fit.","negative"
"Foam flattened instantly.","negative"
"The fan blades bent.","negative"
"The chains broke.","negative"
"The edges are sharp.","negative"
"Very poor finish.","negative"
"The wheels locked up.","negative"
"It won't turn on.","negative"
"It won't turn off.","negative"
"The battery swelled.","negative"
"The lens fell out.","negative"
"The cord snapped.","negative"
"The plastic melted.","negative"
"It came with mold.","negative"
"The smell is unbearable.","negative"
"Waste of time.","negative"
"Never buying from this brand again.","negative"
"Terrible experience overall.","negative"
"Good delivery time, but the product quality was average.",neutral
"The product works fine, though the design could be better.",neutral
"Some features are useful, but others feel unnecessary.",neutral
"It arrived quickly, but the packaging wasn’t impressive.",neutral
"The price is fair, although the performance is just okay.",neutral
"I like the color, but the material feels cheap.",neutral
"The item is acceptable, but not something I’d recommend strongly.",neutral
"The service was friendly, but the wait time was long.",neutral
"The product works, but not as smoothly as expected.",neutral
"It does what it’s supposed to, but nothing more.",neutral
"The quality is decent, though it could be more durable.",neutral
"The size fits well, but the texture is a bit rough.",neutral
"It looks nice, but feels a little flimsy.",neutral
"The sound is clear, but the volume is low.",neutral
"The screen is bright, but the battery drains fast.",neutral
"It’s comfortable to use, though slightly heavier than expected.",neutral
"The instructions were clear, but the assembly took time.",neutral
"The smell is pleasant, but it doesn't last long.",neutral
"The product is fine, but I’ve seen better options.",neutral
"The taste is okay, but the portion is too small.",neutral
"It performs adequately, although the build feels cheap.",neutral
"The order came complete, but one item had minor scratches.",neutral
"The customer service was polite, but not very helpful.",neutral
"The texture is smooth, but the color isn’t very vibrant.",neutral
"It fits as described, but the fabric is thin.",neutral
"The product seems reliable, yet not outstanding.",neutral
"The material feels nice, but the finishing is plain.",neutral
"The quality is alright, but the price is a bit high.",neutral
"It works well enough, but it’s not very intuitive.",neutral
"The app runs fine, though it loads slowly at times.",neutral
"The flavor is mild, but the consistency is strange.",neutral
"The performance is solid, but not exceptional.",neutral
"It’s a decent option, though slightly overpriced.",neutral
"The packaging looks good, but wasn’t very protective.",neutral
"The product is functional, but lacks special features.",neutral
"The delivery was fast, but the box arrived dented.",neutral
"The functionality is okay, but setup is complicated.",neutral
"It’s easy to use, but the instructions were confusing.",neutral
"The item is cute, but smaller than I expected.",neutral
"It does the job, but takes longer than expected.",neutral
"The temperature control works, though it's not precise.",neutral
"The brightness is fine, but the contrast is weak.",neutral
"It’s lightweight, but feels a little fragile.",neutral
"The stitching is neat, but the fabric wrinkles easily.",neutral
"The item feels solid, but the finish is rough.",neutral
"The sound quality is decent, but lacks bass.",neutral
"It’s a practical tool, but not very ergonomic.",neutral
"The flavor is okay, but the aroma is faint.",neutral
"The connection is stable, but the range is short.",neutral
"It fits well, though the material is not very soft.",neutral
"The display is clear, but the colors look washed out.",neutral
"It maintains temperature well, but spills easily.",neutral
"The zipper works smoothly, but feels delicate.",neutral
"The strap is adjustable, but a bit stiff.",neutral
"The product meets expectations, but doesn’t exceed them.",neutral
"The grip is comfortable, though it gets slippery.",neutral
"The blade is sharp, but rusts slightly.",neutral
"The app works fine, but notifications lag.",neutral
"The keys are responsive, but feel cheap.",neutral
"The screen responds well, but fingerprints show easily.",neutral
"I like the design, but the functionality is limited.",neutral
"It’s stylish, though not very durable.",neutral
"The build quality is fair, but not premium.",neutral
"The motion sensor works occasionally, not always.",neutral
"The brightness is good, but drains battery fast.",neutral
"It closes tightly, but is hard to open.",neutral
"The material feels sturdy, but scratches easily.",neutral
"The keyboard is comfortable, but a bit noisy.",neutral
"The flavor is acceptable, though slightly bland.",neutral
"The portion size is fair, but presentation is plain.",neutral
"It seals well, but the lid feels loose.",neutral
"The grip feels secure, but the texture is rough.",neutral
"The connection is quick, but sometimes unstable.",neutral
"The color is accurate, but the paint chips easily.",neutral
"The wheels roll smoothly, but make some noise.",neutral
"The suction is fine, but the device overheats.",neutral
"The charger works, but the cable is short.",neutral
"The case protects well, but is bulky.",neutral
"It’s compact, but feels a bit fragile.",neutral
"The app is useful, but crashes sometimes.",neutral
"The latch closes well, but feels tight.",neutral
"It keeps items organized, but feels small.",neutral
"The sound is crisp, but the volume isn’t loud.",neutral
"The water flow is steady, but temperature fluctuates.",neutral
"The product lasts, but loses color over time.",neutral
"The toy is fun, but batteries drain quickly.",neutral
"It works reliably, but with occasional glitches.",neutral
"The smell is fresh, but fades fast.",neutral
"It fits well, but the waistband is tight.",neutral
"The bag is spacious, but the straps are thin.",neutral
"The screen is large, but not very sharp.",neutral
"The lens is clear, but the cover is loose.",neutral
"The light is bright, but flickers sometimes.",neutral
"The cable is flexible, but tangles easily.",neutral
"It charges devices, but slowly.",neutral
"The fan is quiet, but not very powerful.",neutral
"The detergent cleans well, but the scent is mild.",neutral
"The brush works fine, but sheds bristles.",neutral
"The lid seals well, but is tough to remove.",neutral
"It holds temperature, but feels heavy.",neutral
"Performs standard functions properly.",neutral
"Basic product with standard features.",neutral
"Standard performance in normal use.",neutral
"Functions without unexpected behavior.",neutral
"Does what's expected of it.",neutral
"Works adequately in routine use.",neutral
"Meets standard performance benchmarks.",neutral
"Performs consistently as designed.",neutral
"Basic functionality meets requirements.",neutral
"Standard product that works as intended.",neutral
"Functions properly for basic tasks.",neutral
"Does standard operations adequately.",neutral
"Works as typically expected.",neutral
"Meets standard quality parameters.",neutral
"Performs basic functions correctly.",neutral
"Standard product with reliable operation.",neutral
"Functions without complications.",neutral
"Does the necessary job properly.",neutral
"Works for everyday applications.",neutral
"Meets standard functional criteria.",neutral
"Performs at expected levels.",neutral
"Basic but dependable performance.",neutral
"Standard quality for regular use.",neutral
"Functions as one would normally expect.",neutral
"Does standard tasks adequately.",neutral
"Works in typical conditions.",neutral
"Meets standard performance levels.",neutral
"Performs routine operations fine.",neutral
"Basic product that functions normally.",neutral
"Standard operation without issues.",neutral
"Functions adequately overall.",neutral
"Does what it claims without problems.",neutral
"Works for standard purposes.",neutral
"Meets basic performance standards.",neutral
"Performs as typically required.",neutral
"Standard product with adequate function.",neutral
"Functions properly in most cases.",neutral
"Does standard jobs sufficiently.",neutral
"Works under normal usage conditions.",neutral
"Meets standard quality expectations.",neutral
"Performs basic operations well.",neutral
"Standard features work as expected.",neutral
"Functions without major flaws.",neutral
"Does the basic work required.",neutral
"Works for common applications.",neutral
"Meets standard operational criteria.",neutral
"Performs consistently in use.",neutral
"Basic but competent performance.",neutral
"Standard quality that's acceptable.",neutral
"Functions as typically designed.",neutral
"Does standard functions properly.",neutral
"Works in everyday situations.",neutral
"Meets standard performance parameters.",neutral
"Performs adequately when needed.",neutral
"Basic product with standard performance.",neutral
"Standard operation that's reliable.",neutral
"Functions without significant issues.",neutral
"Does what's needed adequately.",neutral
"Works for routine purposes.",neutral
"Meets standard quality benchmarks.",neutral
"Performs as one would expect.",neutral
"Standard product with consistent function.",neutral
"Functions properly overall.",neutral
"Does standard tasks correctly.",neutral
"Works in normal usage scenarios.",neutral
"Meets standard functional standards.",neutral
"Performs basic duties adequately.",neutral
"Standard quality that meets needs.",neutral
"Functions without unexpected results.",neutral
"Does the job as typically done.",neutral
"Works for standard everyday use.",neutral
"It’s ok", neutral
"It works fine", neutral
"Nothing special", neutral
"It’s acceptable", neutral
"It does the job", neutral
"Could be better", neutral
"Could be worse", neutral
"It's fine for now", neutral
"I don’t love it, I don’t hate it", neutral
"It’s alright", neutral
"Average experience", neutral
"Not impressive", neutral
"Meh", neutral
"It’s tolerable", neutral
"It’s fine", neutral
"Neutral opinion", neutral
"No strong feelings", neutral
"It is exactly what I expected", neutral
"Okay overall", neutral
"Feels normal", neutral
"I feel indifferent", neutral
"It’s neither good nor bad", neutral
"It’s passable", neutral
"It’s standard", neutral
"It’s decent", neutral
"It is acceptable for the price", neutral
"It’s satisfactory", neutral
"Nothing remarkable", neutral
"It’s plain", neutral
"Not sure how to feel", neutral
"It’s just another product", neutral
"It’s serviceable", neutral
"It works as intended", neutral
"Doesn’t stand out", neutral
"It is ordinary", neutral
"It is unremarkable", neutral
"It’s the usual thing", neutral
"It’s expected quality", neutral
"Seems normal", neutral
"It’s basic", neutral
"It’s fine, nothing else", neutral
"It’s okay but not memorable", neutral
"It works, nothing more", neutral
"It’s neither here nor there", neutral
"It’s middle of the road", neutral
"It’s not amazing but not bad", neutral
"It’s in the middle", neutral
"It’s fair enough", neutral
"It’s functional", neutral
"It’s simple and works", neutral
"It’s as described", neutral
"Feels acceptable", neutral
"It’s consistent with expectations", neutral
"It doesn’t bother me", neutral
"It’s okay overall", neutral
"I’m neutral about it", neutral
"It didn’t surprise me", neutral
"It’s moderate", neutral
"It meets the basic requirements", neutral
"It’s lukewarm", neutral
"It’s regular", neutral
"It’s nothing out of the ordinary", neutral
"I don’t have an opinion", neutral
"Not good, not bad", neutral
"It’s just okay", neutral
"It’s what I expected", neutral
"It’s middle quality", neutral
"It’s standard quality", neutral
"It’s just fine", neutral
"It’s okay I guess", neutral
"It doesn’t impress me", neutral
"It’s somewhat okay", neutral
"It’s neither positive nor negative", neutral
"It’s a neutral product", neutral
"It’s usable", neutral
"It’s mildly acceptable", neutral
"It’s borderline okay", neutral
"It’s the minimum expected", neutral
"It’s what you’d expect", neutral
"It is average quality", neutral
"It’s mediocre but acceptable", neutral
"It’s neither satisfying nor disappointing", neutral
"It’s nothing special at all", neutral
"It’s passably fine", neutral
"It’s mildly okay", neutral
"It’s workable", neutral
"It’s kind of okay", neutral
"It’s not that bad", neutral
"It’s not that good", neutral
"It’s ok for the price", neutral
"It feels standard", neutral
"It’s okay but not great", neutral
"It works as expected", neutral
"It’s moderate quality", neutral
"It’s somewhat acceptable", neutral
"I guess it’s ok", neutral
"It’s just a product", neutral
"It’s normal usage", neutral
"It’s okay for regular use", neutral
"It’s acceptable quality", neutral
"Nothing too good or too bad", neutral
"It doesn’t stand out much", neutral
"It’s average, nothing more", neutral
"It meets expectations", neutral
"It’s adequate", neutral
"It’s okay for now", neutral
"It’s okay for what it is", neutral
"It’s suitable", neutral
"It’s half decent", neutral
"It is what it is", neutral
"It feels fine", neutral
"It’s okay-ish", neutral
"It’s neutral quality", neutral
"I’m fine with it", neutral
"It’s not special", neutral
"It’s regular quality", neutral
"It’s nothing fancy", neutral
"It could be worse", neutral
"It could be better", neutral
"It’s acceptable enough", neutral
"It’s okay for most uses", neutral
"It’s a normal experience", neutral
"It’s an average product", neutral
"It’s stable", neutral
"It’s balanced", neutral
"It’s unchanged", neutral
"It’s unexciting", neutral
"It’s undistinguished", neutral
"It’s reasonable", neutral
"It’s moderate", neutral
"It’s neither good or bad", neutral
"It’s okay but unremarkable", neutral
"It’s subtle", neutral
"It’s plain and simple", neutral
"I have no complaints", neutral
"It serves its purpose", neutral
"It’s fine but not ideal", neutral
"It’s steady", neutral
"I could take it or leave it", neutral
"It’s alright I guess", neutral
"It’s ok for everyday use", neutral
"It’s usable but not notable", neutral
"It’s just normal performance", neutral
"I can’t say much about it", neutral
"It’s okay, nothing stands out", neutral
"It’s moderately okay", neutral
"It’s acceptable overall", neutral
"It’s fine, but nothing else", neutral
"It’s pretty normal", neutral
"It’s routine quality", neutral
"It’s okay but plain", neutral
"It’s neutral, nothing strong", neutral
"I’m not impressed but not disappointed", neutral
"It’s okay at best", neutral
"It’s satisfactory but unremarkable", neutral
"It’s neither exciting nor disappointing", neutral
"It’s consistent", neutral
"It’s medium level", neutral
"It’s okay price-quality", neutral
"It works without issues", neutral
"It’s decent but nothing special", neutral
"It’s not notable", neutral
"It’s uneventful", neutral
"It feels okay-ish", neutral
"It’s okay most of the time", neutral
"It’s kind of average", neutral
"It’s neutral overall", neutral
"It’s fine, just okay", neutral
"It’s slightly above acceptable", neutral
"It’s stable enough", neutral
"It’s ok but I don’t care much", neutral
"It leaves me neutral", neutral
"It’s balanced and plain", neutral
"It’s within expectations", neutral
"It meets the basics", neutral
"It fills its role", neutral
"It’s normal for its category", neutral
"It’s okay but can be improved", neutral
"It’s in the middle range", neutral
"It’s moderately average", neutral
"It’s so-so", neutral
"It’s fine and useful", neutral
"It’s a typical product", neutral
"It meets minimal standards", neutral
"It’s okay but not exciting", neutral
"It’s neither impressive nor disappointing", neutral
"It’s neutral performance", neutral
"It’s okay functionality", neutral
"It’s average functionality", neutral
"It performs normally", neutral
"It’s standard performance", neutral
"It’s a neutral experience", neutral
"It’s okay for standard use", neutral
"It leaves no strong impression", neutral
"It’s fine but forgettable", neutral
"It’s unimpressive but acceptable", neutral
"It’s moderately fine", neutral
"It’s functionally okay", neutral
"It performs adequately", neutral
"It’s neutral by all measures", neutral
"It feels average", neutral
"I feel indifferent toward it", neutral
"It’s okay, nothing major", neutral
"It’s neither memorable nor bad", neutral
"It’s fine, I guess", neutral
"It’s okay but nothing out of the box", neutral
"It’s in the acceptable range", neutral
"It’s reasonably fine", neutral
"It’s ordinarily functional", neutral
"I don't really have a strong opinion", neutral
"It’s just a normal thing", neutral
"It’s fine, plain and simple", neutral
"It sits in the middle", neutral
"It’s about what you’d expect", neutral
"It’s standard and fine", neutral